Job Title,Company,Location,Min Salary,Max Salary,Retrieved Date,Last Appearance
software developer,Onsemi,"Waterloo, ON",,,2023-10-04,2023-10-11
Principal IT Software Engineer,Open Text Corporation,"Waterloo, ON",90589.0,114706.0,2023-10-04,2023-11-22
Senior Mobile Developer,Sun Life,"Waterloo, ON",,,2023-10-04,2023-11-08
"Manager, Software Development",D2L,"Kitchener, ON",102763.0,130122.0,2023-10-04,2023-11-08
Senior Cloud Engineer,Ontario Health,Various locations,92823.0,117535.0,2023-10-04,2023-11-08
Senior DevOps Engineer,ISG Search Inc,Various locations,98974.0,125323.0,2023-10-04,2023-10-18
Senior Industrial Simulation Developer,Clearpath Inc.,"Kitchener, ON",87699.0,111046.0,2023-10-04,2023-10-11
Business Development Manager,MEDA,"Waterloo, ON",79422.0,100566.0,2023-10-04,2023-11-22
CNC 5th Axis Machinist/Programmer,Novy Manufacturing Inc.,"Waterloo, ON",,,2023-10-04,2023-11-15
Software Engineer – DevOps,Magnet Forensics,"Waterloo, ON",81036.0,102610.0,2023-10-04,2023-10-25
Senior Product Security & Cloud Security Engineer,Siemens,"Kitchener, ON",101415.0,128414.0,2023-10-04,2023-11-22
"Senior Team Lead, Software Development",Geotab,"Waterloo, ON",107422.0,136020.0,2023-10-04,2023-11-08
Senior Cloud Engineer,Sun Life,"Waterloo, ON",,,2023-10-04,2023-10-11
Sr. Software Developer- Short-term Contract,ApplyBoard,"Kitchener, ON",77458.0,98079.0,2023-10-04,2023-11-08
Senior Technical Program Manager,Siemens,"Kitchener, ON",108182.0,136983.0,2023-10-04,2023-10-04
"Chief Architect, Cloud & Cybersecurity","Canon Medical Informatics, Inc.","Waterloo, ON",77166.0,97710.0,2023-10-04,2023-11-15
Sr. Principal Software Architect,opentext,"Waterloo, ON",111782.0,141540.0,2023-10-04,2023-11-01
computer numerical control (CNC) Mastercam programmer,HJ Machine & Pattern 2016 Ltd,"Waterloo, ON",,,2023-10-04,2023-10-04
Senior Controls System Software Designer,ATS Automation Tooling Systems,"Cambridge, ON",71279.0,90255.0,2023-10-04,2023-11-22
Senior ASP.NET Application Developer,RKD Web Studios,"Guelph, ON",72638.0,91976.0,2023-10-04,2023-11-22
"Senior .Net Full Stack Developer (onsite Cambridge, ON)",VectorVue,"Kitchener, ON",,,2023-10-04,2023-10-25
CNC Lathe Machinist/Programmer,Novy Manufacturing Inc.,"Waterloo, ON",,,2023-10-04,2023-10-25
Controls System Software Designer- Senior,ATS Automation Tooling Systems,"Cambridge, ON",73339.0,92863.0,2023-10-04,2023-11-08
Electrical/Controls Developer,ISN Technologies,"Waterloo, ON",75447.0,95532.0,2023-10-04,2023-11-22
Senior/Intermediate Unix/Linux Developer,BicDroid Inc.,"Waterloo, ON",74269.0,94042.0,2023-10-04,2023-11-22
CNC Programming Specialist,In-House Solutions,"Kitchener, ON",75093.0,95084.0,2023-10-04,2023-10-04
Sr. Site Reliability Administrator,opentext,"Waterloo, ON",97291.0,123192.0,2023-10-04,2023-11-22
Monitoring Tools Specialist (Sitescope+),opentext,"Waterloo, ON",58861.0,74531.0,2023-10-04,2023-10-11
Lead Embedded Software Developer,Molex,"Waterloo, ON",102585.0,129896.0,2023-10-04,2023-11-22
Lead Network Administrator,Open Text Corporation,"Waterloo, ON",91271.0,115569.0,2023-10-04,2023-10-11
Temenos T24 Developer (Remote),HVN Solutions,"Waterloo, ON",106539.0,134902.0,2023-10-04,2023-11-22
Associate Product Support Specialist,opentext,"Waterloo, ON",52799.0,66856.0,2023-10-04,2023-11-08
Senior Test Automation Developer,LogiSense Corporation,"Kitchener, ON",106510.0,134865.0,2023-10-04,2023-11-01
Senior Direct3D Software Developer,ALLUDO,"Waterloo, ON",109785.0,139013.0,2023-10-04,2023-11-22
Principal Software Developer,Open Text Corporation,"Waterloo, ON",84110.0,106502.0,2023-10-04,2023-10-11
Senior Software Developer,Euna Solutions,"Kitchener, ON",100683.0,127487.0,2023-10-04,2023-10-11
Principal Software Developer,opentext,"Waterloo, ON",84110.0,106502.0,2023-10-04,2023-10-11
"Educational Developer, Indigenous Knowledges",University of Waterloo,"Waterloo, ON",70507.0,89278.0,2023-10-04,2023-11-01
Senior Software Engineer – Platform,Magnet Forensics,"Waterloo, ON",102176.0,129378.0,2023-10-04,2023-10-04
Principal IT Software Engineer,opentext,"Waterloo, ON",90589.0,114706.0,2023-10-04,2023-11-22
Control Systems Software Designer,ATS Automation Tooling Systems,"Cambridge, ON",62955.0,79715.0,2023-10-04,2023-11-08
Health Records Tech Coder,Grand River Hospital,"Kitchener, ON",46065.0,58328.0,2023-10-04,2023-11-22
"Developer, Power Platform",Addenda Capital,"Guelph, ON",69047.0,87428.0,2023-10-04,2023-11-08
Jr. Application Developer,The Judge Group,"Elmira, ON",,,2023-10-04,2023-11-01
Senior Cloud Security Operations Engineer - Remote,Revvity,"Guelph, ON",118613.0,150190.0,2023-10-04,2023-11-15
Employment Counsellor/Job Developer,2nd Chance Employment Counselling,"Fergus, ON",,,2023-10-04,2023-10-04
Software Developer Licensing Team,Magnet Forensics,"Waterloo, ON",89397.0,113197.0,2023-10-04,2023-10-11
RF Developer,Sonova,"Kitchener, ON",63991.0,81027.0,2023-10-04,2023-10-04
Senior Solution Architect (Hybrid Cloud),BMO Financial Group,Various locations,99502.0,125992.0,2023-10-04,2023-10-11
"Lead Developer/Team Lead - MS Stack (Dynamics, Power Platform)",Mayk Ideas,"Kitchener, ON",80581.0,102034.0,2023-10-04,2023-10-18
Master Data Management - Data/Process Analyst,Open Text Corporation,"Waterloo, ON",86934.0,110077.0,2023-10-04,2023-11-22
FPGA Developer,Christie Digital Systems Inc.,"Kitchener, ON",82333.0,104252.0,2023-10-04,2023-11-01
Unreal Engine C++ Developer II - SDK,Mawari,"Waterloo, ON",95624.0,121082.0,2023-10-04,2023-11-22
Software Developer,Magnet Forensics,"Waterloo, ON",74485.0,94315.0,2023-10-04,2023-10-11
Senior Dev Sec Ops Specialist,BlackBerry,"Waterloo, ON",94278.0,119377.0,2023-10-04,2023-11-22
Senior Software Developer,Magnet Forensics,"Waterloo, ON",92563.0,117205.0,2023-10-04,2023-10-25
CNC programmer,Aversan,"Waterloo, ON",70211.0,88903.0,2023-10-04,2023-11-01
Computer Programming - Subject Matter Expert (SME),Robertson College,Various locations,72580.0,91903.0,2023-10-04,2023-11-01
CNC Programmer,Chervin,"St. Clements, ON",43003.0,54452.0,2023-10-04,2023-11-22
2024 Research Scientist at Perimeter Institute (CHORD radio telescope),Perimeter Institute for Theoretical Physics,"Waterloo, ON",,,2023-10-04,2023-11-01
Sr. Principal Software Architect,Open Text Corporation,"Waterloo, ON",111782.0,141540.0,2023-10-04,2023-11-01
Customer Support Representative,opentext,"Waterloo, ON",39388.0,49875.0,2023-10-04,2023-10-11
"Sr. Director, IT PMO",opentext,"Waterloo, ON",108651.0,137576.0,2023-10-04,2023-11-08
Staff Software Developer (Fleet Manager),Clearpath Inc.,"Kitchener, ON",110029.0,139321.0,2023-10-04,2023-10-11
Lead Software Engineer,Sun Life,"Waterloo, ON",,,2023-10-04,2023-11-15
Senior Perception Developer - Calibration and Sensors,Clearpath Inc.,"Kitchener, ON",99139.0,125532.0,2023-10-04,2023-10-11
Electrical Design & PLC Programmer (Automation Exp),Barrie Welding & Machine,Various locations,56885.0,72030.0,2023-10-04,2023-11-01
Principal Security Compliance Analyst - Compliance Strategy,Open Text Corporation,"Waterloo, ON",76187.0,96470.0,2023-10-04,2023-11-22
Business Development Representative,The Syscomm Group,"Waterloo, ON",50183.0,63543.0,2023-10-04,2023-11-22
Lead Site Reliability Engineer,opentext,"Waterloo, ON",99945.0,126552.0,2023-10-04,2023-11-22
CNC Programmer/Setter/Operator,Trited Innovation Inc-Cambridge - ONTARIO,"Guelph, ON",,,2023-10-04,2023-10-11
Senior Scrum Master (Data & Analytics),Sun Life,"Waterloo, ON",,,2023-10-04,2023-10-04
Sr. Software Engineer-Zuora Administrator,opentext,"Waterloo, ON",85653.0,108456.0,2023-10-04,2023-10-04
Job Developer/Employment Counsellor,2nd Chance Employment Counselling,"Guelph, ON",,,2023-10-04,2023-11-01
Sr. Systems Analyst - uCMDB,opentext,"Waterloo, ON",75888.0,96091.0,2023-10-04,2023-10-11
Lead Systems Analyst,opentext,"Waterloo, ON",92034.0,116535.0,2023-10-04,2023-10-18
Lead Product Manager (IoT),opentext,"Waterloo, ON",97948.0,124024.0,2023-10-04,2023-10-11
Sr. ITSM Analyst - SMAX,opentext,"Waterloo, ON",66904.0,84716.0,2023-10-04,2023-10-11
"Sr. Manager, Business Processes - Financial Analysis",Open Text Corporation,"Waterloo, ON",98049.0,124153.0,2023-10-04,2023-10-11
Lead Privacy Analyst,Open Text Corporation,"Waterloo, ON",76506.0,96874.0,2023-10-04,2023-11-01
Lead Technology Risk & Disaster Recovery Analyst(Workers Council),opentext,"Waterloo, ON",66057.0,83643.0,2023-10-04,2023-10-11
Sr. Client Manager,opentext,"Waterloo, ON",83619.0,105881.0,2023-10-04,2023-10-18
Client Director,Open Text Corporation,"Waterloo, ON",97850.0,123900.0,2023-10-04,2023-10-25
"Sr. Manager, Business Processes - Financial Analysis",opentext,"Waterloo, ON",98049.0,124153.0,2023-10-04,2023-10-11
Account Development Executive,Open Text Corporation,"Waterloo, ON",86648.0,109716.0,2023-10-04,2023-10-11
Principal GCP Cloud Solutions Architect,opentext,"Waterloo, ON",74417.0,94228.0,2023-10-04,2023-11-08
Sr. Systems Analyst - uCMDB,Open Text Corporation,"Waterloo, ON",75888.0,96091.0,2023-10-04,2023-10-11
Client Director,opentext,"Waterloo, ON",97850.0,123900.0,2023-10-04,2023-10-25
"Sr. Manager, SAP Finance Applications",opentext,"Waterloo, ON",87742.0,111102.0,2023-10-04,2023-10-11
"Sr. Manager, SAP Finance Applications",Open Text Corporation,"Waterloo, ON",87742.0,111102.0,2023-10-04,2023-10-11
Senior Monitoring Specialist (Sitescope),opentext,"Waterloo, ON",77886.0,98621.0,2023-10-04,2023-10-11
Lead Product Manager,Open Text Corporation,"Waterloo, ON",97948.0,124024.0,2023-10-04,2023-10-11
Account Development Executive,opentext,"Waterloo, ON",86648.0,109716.0,2023-10-04,2023-10-11
Lead Product Manager,opentext,"Waterloo, ON",97948.0,124024.0,2023-10-04,2023-10-11
"Senior Cloud Security Engineer- Remote, Ontario",Smile DH,"Kitchener, ON",129190.0,163583.0,2023-10-04,2023-11-08
Principal GCP Cloud Solutions Architect,Open Text Corporation,"Waterloo, ON",74417.0,94228.0,2023-10-04,2023-11-08
Lead Product Manager (IoT),Open Text Corporation,"Waterloo, ON",97948.0,124024.0,2023-10-04,2023-10-11
Principal Network Specialist,Open Text Corporation,"Waterloo, ON",76996.0,97494.0,2023-10-04,2023-11-01
Staff Perception Developer - Localization and Mapping,Clearpath Inc.,"Kitchener, ON",99096.0,125478.0,2023-10-04,2023-10-11
"Advisor, Business Development (University of Waterloo)",Mitacs,"Waterloo, ON",83063.0,105177.0,2023-10-04,2023-11-22
Sr. Systems Analyst - IAM,Open Text Corporation,"Waterloo, ON",73009.0,92446.0,2023-10-04,2023-11-22
Sr. Software Engineer-Zuora Administrator,Open Text Corporation,"Waterloo, ON",85653.0,108456.0,2023-10-04,2023-10-04
Lead Systems Analyst,Open Text Corporation,"Waterloo, ON",92034.0,116535.0,2023-10-04,2023-10-18
Monitoring Tools Specialist (Sitescope+),Open Text Corporation,"Waterloo, ON",58861.0,74531.0,2023-10-04,2023-10-11
Lead Privacy Analyst,opentext,"Waterloo, ON",76506.0,96874.0,2023-10-04,2023-11-01
Application Developer,Stantec,"Waterloo, ON",94215.0,119297.0,2023-10-04,2023-11-22
"Sr. Director, IT PMO",Open Text Corporation,"Waterloo, ON",108651.0,137576.0,2023-10-04,2023-11-08
Lead Site Reliability Engineer,Open Text Corporation,"Waterloo, ON",99945.0,126552.0,2023-10-04,2023-11-22
"Senior Software Engineer - Risk Controls, Health",Cash App,"Kitchener, ON",141237.0,178838.0,2023-10-04,2023-11-08
Lead Network Administrator,opentext,"Waterloo, ON",91271.0,115569.0,2023-10-04,2023-10-04
"Maternal Child Health Nurse Coordinator-Relocate to Port Hardy, B.C",Gwa'sala-'Nakwaxd'xw Nations,Various locations,82396.0,104332.0,2023-10-04,2023-10-25
Senior Simulation Developer,Clearpath Inc.,"Kitchener, ON",94378.0,119504.0,2023-10-04,2023-10-11
Sr. Systems Analyst - IAM,opentext,"Waterloo, ON",73009.0,92446.0,2023-10-04,2023-11-22
Principal Security Compliance Analyst - Compliance Strategy,opentext,"Waterloo, ON",76187.0,96470.0,2023-10-04,2023-11-22
Senior Software Engineer in Test,Magnet Forensics,"Waterloo, ON",74802.0,94716.0,2023-10-04,2023-10-11
"CNC Mid to Large Lathe Machinist (""Programmer"")",BARRIE WELDING & MACHINE,Various locations,,,2023-10-04,2023-10-25
"Senior React Native Engineer - Afterpay, Cash App",Cash App,"Waterloo, ON",139063.0,176085.0,2023-10-04,2023-10-18
Senior Software Engineer (API/Java),Sun Life,"Waterloo, ON",,,2023-10-04,2023-11-01
Master Data Management - Data/Process Analyst,opentext,"Waterloo, ON",86934.0,110077.0,2023-10-04,2023-11-22
Infrastructure Cloud Architect,ApplyBoard,"Kitchener, ON",108484.0,137365.0,2023-10-04,2023-11-22
Sr. Client Manager,Open Text Corporation,"Waterloo, ON",83619.0,105881.0,2023-10-04,2023-10-18
Sr. ITSM Analyst - SMAX,Open Text Corporation,"Waterloo, ON",66904.0,84716.0,2023-10-04,2023-10-11
Senior Monitoring Specialist (Sitescope),Open Text Corporation,"Waterloo, ON",77886.0,98621.0,2023-10-04,2023-10-11
Sr. Software Developer,Open Text Corporation,"Waterloo, ON",95129.0,120454.0,2023-10-04,2023-11-08
Sr. Site Reliability Administrator,Open Text Corporation,"Waterloo, ON",97291.0,123192.0,2023-10-04,2023-11-22
Lead Technology Risk & Disaster Recovery Analyst(Workers Council),Open Text Corporation,"Waterloo, ON",66057.0,83643.0,2023-10-04,2023-10-11
Principal Network Specialist,opentext,"Waterloo, ON",76996.0,97494.0,2023-10-04,2023-11-01
Business Development Specialist,BicDroid Inc.,"Waterloo, ON",64477.0,81642.0,2023-10-04,2023-11-22
Software Development Team Lead,RWDI,"Guelph, ON",112306.0,142204.0,2023-10-04,2023-10-11
Senior Software Architect,Dejero Labs Inc.,"Waterloo, ON",97782.0,123813.0,2023-10-04,2023-11-22
Web Developer II (AEM Architect),BlackBerry,"Waterloo, ON",83601.0,105858.0,2023-10-04,2023-11-15
"Cloud Technical Solutions Developer, Billing",Google,"Waterloo, ON",,,2023-10-04,2023-10-18
Software Developer - Backend,Green Brick Labs,"Kitchener, ON",50677.0,64169.0,2023-10-04,2023-11-22
Software Developer (Angular),Descartes,"Waterloo, ON",80088.0,101409.0,2023-10-04,2023-11-01
Web developer,QProVibe Inc.,"Waterloo, ON",,,2023-10-04,2023-10-04
Software Test Automation Engineer,Nicoya,"Kitchener, ON",95059.0,120366.0,2023-10-04,2023-10-25
Software Developer (.NET),Descartes,"Waterloo, ON",82147.0,104016.0,2023-10-04,2023-10-11
Web Developer,University of Waterloo,"Waterloo, ON",83252.0,105416.0,2023-10-04,2023-10-18
Software Developer,Brock Solutions,"Kitchener, ON",85753.0,108582.0,2023-10-04,2023-11-22
Lead Software Developer,Euna Solutions,"Kitchener, ON",119935.0,151864.0,2023-10-04,2023-10-11
Intermediate Software Developer,Geotab,"Waterloo, ON",89506.0,113334.0,2023-10-04,2023-10-25
Software Developer,BicDroid Inc.,"Waterloo, ON",60513.0,76623.0,2023-10-04,2023-11-22
Full Stack Developer - Front End focus,Eleven-X,"Waterloo, ON",83816.0,106130.0,2023-10-04,2023-10-04
Software Engineer Coop/Intern,Sandvine,"Waterloo, ON",102710.0,130054.0,2023-10-04,2023-11-15
Software Engineer (Front End Web Application - Angular),Power TakeOff,"Kitchener, ON",,,2023-10-04,2023-10-11
"Staff Software Developer, Google Cloud",Google,"Waterloo, ON",,,2023-10-04,2023-10-04
"Software Engineering Manager, Group Benefits",Manulife,"Waterloo, ON",88645.0,112244.0,2023-10-04,2023-11-08
Software Developer,Canadian Solar,"Guelph, ON",93642.0,118572.0,2023-10-04,2023-10-04
Intermediate C++ Software Developer – Integrated Media Block,Christie Digital Systems Inc.,"Kitchener, ON",87571.0,110884.0,2023-10-04,2023-11-01
Full Stack Developer,"Cloud DX, Inc.","Kitchener, ON",84746.0,107308.0,2023-10-04,2023-11-22
Java Engineer (Backend),Prospect,"Waterloo, ON",75154.0,95162.0,2023-10-04,2023-10-11
"Senior Software Engineer, Mobile (Android) - Remote/Hybrid",IMS,"Waterloo, ON",93765.0,118728.0,2023-10-04,2023-11-22
Senior Site Reliability Engineering Developer (DevOps),Encircle,"Kitchener, ON",163309.0,206785.0,2023-10-04,2023-10-11
"Senior Java Developer (onsite Cambridge, ON)",VectorVue,"Kitchener, ON",,,2023-10-04,2023-11-22
Software Developer,Ontario Health,Various locations,86598.0,109653.0,2023-10-04,2023-10-11
"Product Developer, Software - Advanced Research",Christie Digital Systems Inc.,"Kitchener, ON",76644.0,97048.0,2023-10-04,2023-11-22
Full Stack Web Developer,BicDroid Inc.,"Waterloo, ON",54981.0,69618.0,2023-10-04,2023-11-22
Intermediate Software Developer (Remote),DriverCheck Inc.,"Kitchener, ON",111358.0,141005.0,2023-10-04,2023-10-25
Experienced Full Stack Web Developer,Boardera Software,"Kitchener, ON",77187.0,97736.0,2023-10-04,2023-11-22
Staff Software Developer,ApplyBoard,"Kitchener, ON",80805.0,102318.0,2023-10-04,2023-11-22
Backend Developer,Descartes,"Waterloo, ON",87218.0,110438.0,2023-10-04,2023-10-25
Software Developer,ATS Automation Tooling Systems,"Cambridge, ON",82094.0,103949.0,2023-10-04,2023-11-15
Java Developer - Canadian Visa Sponsorship Global Talent Stream,Venuiti,"Kitchener, ON",,,2023-10-04,2023-11-22
software developer,Pegmatis Inc.,"Kitchener, ON",121828.5,121828.5,2023-10-04,2023-10-11
senior software developer,Go Integrations,"Toronto, ON",70000.0,75000.0,2023-10-04,2023-10-25
CNC Programmer,The Bamco Group,"Guelph, ON",,,2023-10-04,2023-10-18
software developer,Pegmatis Inc.,"Cambridge, ON",121318.65,121318.65,2023-10-04,2023-10-11
software developer,MUNDAIR CONSULTING LTD.,"Guelph, ON",89960.0,89960.0,2023-10-04,2023-11-22
software developer,Mako Financial Technologies Inc.,"Camrose, AB",87320.0,87320.0,2023-10-04,2023-11-22
software developer,Capleo Global,Various locations,,,2023-10-04,2023-10-18
software developer,Virtek Vision,"Waterloo, ON",,,2023-10-04,2023-10-11
software developer,GLOBAL DEVELOPMENT WORKS LTD.,"Kitchener, ON",90480.0,90480.0,2023-10-04,2023-11-22
software developer,Ford Motor Company,"Waterloo, ON",,,2023-10-04,2023-11-22
software developer,Capgemini Engineering CA,"Kitchener, ON",,,2023-10-04,2023-10-25
software developer,LogiSense Corporation,"Kitchener, ON",,,2023-10-04,2023-10-18
cloud developer,Venuiti,"Waterloo, ON",,,2023-10-04,2023-10-18
software developer,Voiant Group,Various locations,,,2023-10-04,2023-10-25
software developer,VON Canada,"Ottawa, ON",65996.0,71551.0,2023-10-04,2023-11-01
Software Developer,Wrightplan Inc.,"Waterloo, ON",79460.0,100614.0,2023-10-04,2023-10-04
"Software Developer III, Google Cloud Networking",Google,"Waterloo, ON",,,2023-10-04,2023-10-18
Software Developer in Test,onsemi,"Waterloo, ON",74156.0,93898.0,2023-10-04,2023-11-22
Software Developer,MarshallZehr,"Waterloo, ON",78647.0,99584.0,2023-10-04,2023-11-22
Software Developer,SHOPEDGE SOFTWARE INC,"Kitchener, ON",,,2023-10-04,2023-11-22
Software Engineer,Bosch Group,"Waterloo, ON",80148.0,101486.0,2023-10-04,2023-11-22
Software Developer,ISN Technologies,"Waterloo, ON",75118.0,95116.0,2023-10-04,2023-11-22
Full stack developer (Remote),Applied Brain Research,"Waterloo, ON",,,2023-10-04,2023-11-08
Intermediate Software Developer (Back End - Java),Power TakeOff,"Kitchener, ON",,,2023-10-04,2023-10-11
ReactJS Developer,Venuiti,"Waterloo, ON",75527.0,95635.0,2023-10-04,2023-10-25
Software Developer,Flanagan Foodservice,"Kitchener, ON",63404.0,80283.0,2023-10-04,2023-11-22
AWS/DevOps Engineer,Venuiti,"Kitchener, ON",,,2023-10-04,2023-11-01
Software Developer,D2L,"Kitchener, ON",89321.0,113100.0,2023-10-04,2023-11-22
Software Engineering Manager,CEDENT,"Waterloo, ON",102184.0,129388.0,2023-10-04,2023-11-22
Senior Wordpress Developer for Ecommerce,Sienci Labs Inc.,"Waterloo, ON",,,2023-10-04,2023-11-01
"Technical Solutions Developer, Infrastructure, Google Cloud",Google,"Waterloo, ON",,,2023-10-04,2023-10-04
software developer,Pegmatis Inc.,"Guelph, ON",121462.47,121462.47,2023-10-04,2023-10-11
Software Engineer,MealSuite,"Kitchener, ON",90091.0,114076.0,2023-10-04,2023-11-01
"Senior Software Developer, Precision Health Platform, Workflows",Verily,"Waterloo, ON",97031.0,122862.0,2023-10-04,2023-10-11
Senior Cloud Software Developer,Siemens,"Kitchener, ON",99267.0,125694.0,2023-10-04,2023-11-22
Customer Support Representative,Open Text Corporation,"Waterloo, ON",39388.0,49875.0,2023-10-04,2023-10-11
"Software Engineering Manager II, Security/Privacy, Google Cloud Business Platforms",Google,"Waterloo, ON",,,2023-10-04,2023-10-04
Software Engineer Senior,Altair Engineering,"Waterloo, ON",119628.0,151476.0,2023-10-04,2023-11-22
Senior DevOps Developer,Clearpath Inc.,"Kitchener, ON",106499.0,134851.0,2023-10-04,2023-10-11
Software Developer (Programmer/Analyst),Teledyne e2v Semiconductors,"Waterloo, ON",63567.0,80490.0,2023-10-04,2023-11-08
C++ Software Engineer,Procom,Various locations,,,2023-10-04,2023-10-04
Sr. Software Engineer,MCAP,"Waterloo, ON",97165.0,123032.0,2023-10-04,2023-11-22
.NET Mobile Developer,Semex,"Guelph, ON",81110.0,102704.0,2023-10-04,2023-10-18
Associate Product Support Specialist,Open Text Corporation,"Waterloo, ON",52799.0,66856.0,2023-10-04,2023-11-08
Senior Software Developer,Brock Solutions,"Kitchener, ON",100193.0,126867.0,2023-10-04,2023-11-22
"Senior Backend Engineer, Web3",Recruiting From Scratch,"Waterloo, ON",,,2023-10-04,2023-10-04
CNC Programmer,Héroux-Devtek Inc.,"Kitchener, ON",60055.0,76043.0,2023-10-04,2023-11-22
Software Engineering Manager,onsemi,"Waterloo, ON",104090.0,131801.0,2023-10-04,2023-11-08
Project Manager,Ontario Health,Various locations,96287.0,121921.0,2023-10-04,2023-11-08
Senior Software Engineer,Carta,"Waterloo, ON",104700.0,132574.0,2023-10-04,2023-11-22
Senior Software Engineer (java/Kafka),Sun Life,"Waterloo, ON",,,2023-10-04,2023-10-11
FPGA Developer,Christie Digital,"Kitchener, ON",82097.0,103953.0,2023-10-04,2023-11-01
C++ Developer - Low Level - Canada,GTS,"Kitchener, ON",90620.0,114745.0,2023-10-04,2023-10-18
Sage People Software Developer - Contract,Compugen Inc,Various locations,,,2023-10-04,2023-10-25
Staff Machine Learning Developer,FullStory,"Waterloo, ON",101315.0,128287.0,2023-10-04,2023-11-22
Build System Developer,MAXON Computer,"Waterloo, ON",84898.0,107499.0,2023-10-04,2023-11-08
"Senior Software Developer, Networks, Google Cloud Business Platforms",Google,"Waterloo, ON",,,2023-10-04,2023-10-25
Engineering Communications Education Developer,University of Waterloo,"Waterloo, ON",74452.0,94273.0,2023-10-04,2023-10-25
Network Engineer - IT & Cloud Infrastructure,Siemens,"Kitchener, ON",67724.0,85754.0,2023-10-04,2023-11-22
CNC Mill Programmer/Machinist,Novy Manufacturing Inc.,"Waterloo, ON",,,2023-10-04,2023-11-15
Senior Software Developer (C#/C++),Virtek Vision,"Waterloo, ON",104207.0,131950.0,2023-10-04,2023-10-11
Web Application Developer,Fivewalls,"Waterloo, ON",67100.0,84964.0,2023-10-04,2023-11-22
Full Stack Engineer,Just Play Sports Solutions LLC,"Kitchener, ON",85716.0,108535.0,2023-10-04,2023-11-22
Learning and Development Specialists - Leadership Development,University of Waterloo,"Waterloo, ON",72011.0,91182.0,2023-10-04,2023-10-04
Software Engineer - Design Verification,Ford Motor Company,"Waterloo, ON",85527.0,108296.0,2023-10-04,2023-10-11
IT/ Software Development Technology Consultant for Tax Incentives,KPMG,"Waterloo, ON",57375.0,72650.0,2023-10-04,2023-11-22
Java WebObjects Web Developer,LIFELEARN,"Guelph, ON",86595.0,109648.0,2023-10-04,2023-10-11
Educational Developer,University of Waterloo,"Waterloo, ON",79048.0,100092.0,2023-10-04,2023-10-11
CNC Programmer,Artco,"Kitchener, ON",40790.0,51650.0,2023-10-04,2023-11-22
Software Engineer - Full Stack,MCAP,"Waterloo, ON",88820.0,112466.0,2023-10-04,2023-11-22
Senior Software Developer,D2L,"Kitchener, ON",105533.0,133629.0,2023-10-04,2023-11-22
Senior Software Developer,ATS Automation Tooling Systems,"Cambridge, ON",119813.0,151711.0,2023-10-04,2023-11-08
Full Stack Developer,Planitar Inc.,"Waterloo, ON",84743.0,107304.0,2023-10-04,2023-11-01
Senior Software Developer - Quantum Compiler/Transpiler,Anyon Systems Inc.,"Waterloo, ON",95899.0,121430.0,2023-10-04,2023-11-22
C/C++ Software Developer,BicDroid Inc.,"Waterloo, ON",84611.0,107136.0,2023-10-04,2023-11-22
Software Deployment Engineer,Brock Solutions,"Kitchener, ON",75889.0,96093.0,2023-10-04,2023-11-08
Senior Software Engineer,NCR,"Waterloo, ON",100064.0,126704.0,2023-10-04,2023-11-22
Staff DevOps Engineer,Mappedin,"Kitchener, ON",75992.0,96223.0,2023-10-04,2023-10-11
Software Engineer,BicDroid Inc.,"Waterloo, ON",75103.0,95098.0,2023-10-04,2023-11-22
Senior Software Engineer,Sun Life,"Waterloo, ON",,,2023-10-04,2023-10-18
Vulkan Graphics Engineer - Global Remote,CoreAVI,"Waterloo, ON",99086.0,125465.0,2023-10-04,2023-11-22
Intermediate C++ Software Developer – Integrated Media Block,Christie Digital,"Kitchener, ON",87719.0,111071.0,2023-10-04,2023-11-01
"Product Developer, Software - Advanced Research",Christie Digital,"Kitchener, ON",78402.0,99275.0,2023-10-04,2023-11-22
IT Software Developer - (Salesforce),Open Text Corporation,"Waterloo, ON",92295.0,116867.0,2023-10-04,2023-11-15
Sr. Software Developer,opentext,"Waterloo, ON",95129.0,120454.0,2023-10-04,2023-11-08
IT Software Developer - (Salesforce),opentext,"Waterloo, ON",92295.0,116867.0,2023-10-04,2023-11-15
Machine Learning Engineer,Equitable Life of Canada,"Waterloo, ON",79985.0,101279.0,2023-10-04,2023-10-11
Senior Software Developer,Geotab,"Waterloo, ON",93651.0,118584.0,2023-10-04,2023-11-22
Fullstack Senior Software Developer,Geotab,"Waterloo, ON",89815.0,113725.0,2023-10-04,2023-11-22
"Senior Staff Software Developer, Precision Health Platform",Verily,"Waterloo, ON",110286.0,139646.0,2023-10-04,2023-11-22
Principal Cloud Engineer,BMO Financial Group,Various locations,112974.0,143051.0,2023-10-04,2023-10-25
"Lead Technology Specialist, Digital Developer",Equitable Life of Canada,"Waterloo, ON",100782.0,127613.0,2023-10-04,2023-10-25
Jr. Web Development Training & Internship,Prepr,"Guelph, ON",,,2023-10-04,2023-10-11
Control Systems Developer (B&R Automation Specialist),ATS Automation Tooling Systems,"Cambridge, ON",69842.0,88436.0,2023-10-11,2023-11-22
"Lead Software Engineer, Operations",Sun Life,"Waterloo, ON",82000.0,135000.0,2023-10-11,2023-10-18
Senior Business Intelligence (BI) Developer - MicroStrategy,Procom,Various locations,,,2023-10-11,2023-10-11
"Director, Global Talent Operations",Open Text Corporation,"Waterloo, ON",114784.0,145342.0,2023-10-11,2023-10-11
23-101 Full Stack Developer,Raise,Various locations,88707.0,112323.0,2023-10-11,2023-11-08
computer numerical control (CNC) programmer,Heroux Devtek,"Kitchener, ON",70000.0,85000.0,2023-10-11,2023-11-22
"Senior Software Developer, Google Cloud Compute",Google,"Kitchener, ON",,,2023-10-11,2023-11-01
"Senior Software Engineer, RippleNet Payments",Ripple Labs,"Kitchener, ON",114519.0,145006.0,2023-10-11,2023-11-22
"Staff Software Engineer, Workspace Abuse and Safety Protections",Google,"Waterloo, ON",,,2023-10-11,2023-11-15
Senior Java Developer,Descartes,"Waterloo, ON",88394.0,111926.0,2023-10-11,2023-11-08
Software Engineering Manager,ATS Automation Tooling Systems,"Cambridge, ON",97356.0,123275.0,2023-10-11,2023-11-22
Software Developer,Titanium Agency Inc,"Waterloo, ON",,,2023-10-11,2023-10-25
Cloud Platform Engineer,Manulife,"Waterloo, ON",86965.0,110118.0,2023-10-11,2023-10-18
Quantum Navigation Software Engineer,Quantum Valley Ideas Lab,"Waterloo, ON",70000.0,85000.0,2023-10-11,2023-11-08
Staff Software Developer,ATS Automation Tooling Systems,"Cambridge, ON",105998.0,134217.0,2023-10-11,2023-11-22
Senior Software Developer (Delphi),Descartes,"Waterloo, ON",117005.0,148155.0,2023-10-11,2023-10-25
"Product Manager, Google Cloud",Google,"Waterloo, ON",,,2023-10-11,2023-10-11
"Senior Software Engineer - Risk Controls, Health",Cash App,"Waterloo, ON",141237.0,178838.0,2023-10-11,2023-11-22
Sr. Application Developer,The Judge Group,"Elmira, ON",,,2023-10-11,2023-11-01
Test Automation Developer - Winter 2024 Co-op/Intern,Definity Financial Corporation,"Kitchener, ON",60630.0,76771.0,2023-10-11,2023-10-11
Senior Software Engineer iOS,IMS,"Waterloo, ON",98908.0,125240.0,2023-10-11,2023-11-22
"Director, Global Talent Operations",opentext,"Waterloo, ON",114784.0,145342.0,2023-10-11,2023-10-11
PLC Programmer/Systems Integrator,Trited Innovation Inc-ONTARIO,"Kitchener, ON",55976.0,70878.0,2023-10-11,2023-11-22
Automation Engineer,Nfinite Nanotech,"Kitchener, ON",70000.0,80000.0,2023-10-11,2023-10-18
Senior IT Technology Risk Analyst,Open Text Corporation,"Waterloo, ON",82924.0,105000.0,2023-10-18,2023-11-08
Cloud DevOps Engineer/Architect,Procom,Various locations,,,2023-10-18,2023-10-18
Senior Software Security Researcher,Open Text Corporation,"Waterloo, ON",99008.0,125366.0,2023-10-18,2023-11-22
Intermediate Control Systems Software Designer,ATS Automation Tooling Systems,"Cambridge, ON",62955.0,79715.0,2023-10-18,2023-11-22
CNC Programmer/Setter/CAMWorks,Trited Innovation Inc-Cambridge - ONTARIO,"Guelph, ON",45760.0,,2023-10-18,2023-10-18
"Program Manager, Corporate Giving",opentext,"Waterloo, ON",87827.0,111209.0,2023-10-18,2023-11-01
Senior Software Security Researcher,opentext,"Waterloo, ON",99008.0,125366.0,2023-10-18,2023-11-22
Operations Analyst,Magnet Forensics,"Waterloo, ON",54010.0,68389.0,2023-10-18,2023-10-25
Staff Perception Developer - Localization and Mapping,OTTO Motors by Rockwell Automation,"Kitchener, ON",99096.0,125478.0,2023-10-18,2023-11-22
Senior IT Technology Risk Analyst,opentext,"Waterloo, ON",82924.0,105000.0,2023-10-18,2023-11-08
Collections Specialist (Escalations),Open Text Corporation,"Waterloo, ON",59261.0,75038.0,2023-10-18,2023-11-22
"Intermediate Technology Specialist, Digital Developer",Equitable Life of Canada,"Waterloo, ON",85229.0,107919.0,2023-10-18,2023-10-25
Senior Industrial Simulation Developer,OTTO Motors by Rockwell Automation,"Kitchener, ON",87699.0,111046.0,2023-10-18,2023-11-22
Program Director,opentext,"Waterloo, ON",79244.0,100341.0,2023-10-18,2023-10-25
Senior Software Quality Engineer – SAP BW (SAP Business Warehouse),Sun Life,"Waterloo, ON",82000.0,135000.0,2023-10-18,2023-10-25
"Director, Billing Operations",Open Text Corporation,"Waterloo, ON",92894.0,117624.0,2023-10-18,2023-11-22
Lead Revenue Operations Analyst,Open Text Corporation,"Waterloo, ON",77286.0,97861.0,2023-10-18,2023-10-18
Lead Revenue Operations Analyst,opentext,"Waterloo, ON",77286.0,97861.0,2023-10-18,2023-10-18
"Program Manager, Corporate Giving",Open Text Corporation,"Waterloo, ON",87827.0,111209.0,2023-10-18,2023-11-01
"Director, Billing Operations",opentext,"Waterloo, ON",92894.0,117624.0,2023-10-18,2023-11-22
Bilingual Customer Support Representative - (French),opentext,"Waterloo, ON",39896.0,50517.0,2023-10-18,2023-11-01
Bilingual Customer Support Representative - (French),Open Text Corporation,"Waterloo, ON",39896.0,50517.0,2023-10-18,2023-11-01
Senior Perception Developer - Calibration and Sensors,OTTO Motors by Rockwell Automation,"Kitchener, ON",99139.0,125532.0,2023-10-18,2023-11-01
Cloud Automation Tools Engineer/Architect - RHEL 8.x / 9.x & Windows 2019 & 202,Procom,Various locations,,,2023-10-18,2023-10-18
JR00087402 Senior Software Engineer (.NET/ Powershell),Sun Life,"Waterloo, ON",82000.0,135000.0,2023-10-18,2023-11-01
Perception Team Lead - Localization and Mapping,OTTO Motors by Rockwell Automation,"Kitchener, ON",96237.0,121857.0,2023-10-18,2023-11-22
Collections Specialist (Escalations),opentext,"Waterloo, ON",59261.0,75038.0,2023-10-18,2023-11-22
Sr. Systems Administrator,Open Text Corporation,"Waterloo, ON",87250.0,110478.0,2023-10-18,2023-11-22
Sr. Systems Administrator,opentext,"Waterloo, ON",87250.0,110478.0,2023-10-18,2023-11-22
Program Director,Open Text Corporation,"Waterloo, ON",79244.0,100341.0,2023-10-18,2023-10-25
"Senior Staff Software Specialist, Google Cloud",Google,"Waterloo, ON",,,2023-10-18,2023-10-18
Embedded Software Engineer,Linamar Corp,"Guelph, ON",78608.0,99536.0,2023-10-18,2023-10-25
"Senior Technology Specialist, Digital Developer",Equitable Life of Canada,"Waterloo, ON",88457.0,112007.0,2023-10-18,2023-10-25
Senior Software Developer,Dejero Labs Inc.,"Waterloo, ON",99018.0,125379.0,2023-10-18,2023-11-22
"Software Developer III, Infrastructure, Google Cloud Data Management",Google,"Waterloo, ON",,,2023-10-18,2023-10-18
Software Engineer II,Sandvine,"Waterloo, ON",99767.0,126327.0,2023-10-18,2023-11-01
software developer,Google,"Waterloo, ON",,,2023-10-18,2023-11-08
software developer,Aceit Digital Inc.,"Calgary, AB",81120.0,81120.0,2023-10-18,2023-11-22
software developer,Titanium Agency Inc,"Waterloo, ON",75000.0,75000.0,2023-10-18,2023-10-25
software developer,"ClifyX, INC",Various locations,,,2023-10-18,2023-11-08
"Software Developer II, Site Reliability Development, Google Cloud",Google,"Waterloo, ON",,,2023-10-18,2023-10-18
Software Test Engineer,Linamar Corp,"Guelph, ON",78451.0,99336.0,2023-10-18,2023-10-25
Software Test Developer,D2L,"Kitchener, ON",85933.0,108810.0,2023-10-18,2023-11-22
"Software Developer III, Google Cloud Platform AI and Industry Solutions",Google,"Waterloo, ON",,,2023-10-18,2023-10-18
"Software Developer III, Google Cloud Data Management",Google,"Waterloo, ON",,,2023-10-18,2023-11-01
Java WebObjects Web Developer,LifeLearn,"Guelph, ON",78081.0,98868.0,2023-10-18,2023-11-22
Automation Engineer,Linamar Corp,"Guelph, ON",63807.0,80794.0,2023-10-18,2023-11-01
Senior Simulation Developer,OTTO Motors by Rockwell Automation,"Kitchener, ON",94378.0,119504.0,2023-10-18,2023-11-22
Software Engineer,MaxSys Staffing & Consulting,"Waterloo, ON",149760.0,149760.0,2023-10-18,2023-10-18
Staff Software Developer (Fleet Manager),OTTO Motors by Rockwell Automation,"Kitchener, ON",110029.0,139321.0,2023-10-18,2023-11-01
Senior DevOps Developer,OTTO Motors by Rockwell Automation,"Kitchener, ON",106499.0,134851.0,2023-10-18,2023-10-18
Staff DevOps Developer,Mappedin,"Kitchener, ON",73268.0,92774.0,2023-10-18,2023-11-22
Remote - Delta V Programmer/Engineer,CAC Staffing,Various locations,145600.0,,2023-10-18,2023-10-18
"Android Kotlin Developer - Waterloo, Canada",Forhyre,"Waterloo, ON",64563.0,81751.0,2023-10-18,2023-11-22
"Sr. Manager, Workplace Security",opentext,"Waterloo, ON",93050.0,117823.0,2023-10-25,2023-11-22
Senior Software Researcher,Open Text Corporation,"Waterloo, ON",82528.0,104499.0,2023-10-25,2023-11-22
"Sr. Manager, Workplace Security",Open Text Corporation,"Waterloo, ON",91312.0,115622.0,2023-10-25,2023-11-22
"Associate Director, Data Analytics and Development",University of Waterloo,"Waterloo, ON",88417.0,111956.0,2023-10-25,2023-11-22
Cloud Systems Administrator,opentext,"Waterloo, ON",76714.0,97137.0,2023-10-25,2023-11-01
Sr. Cloud Engineer,Huxley,"Waterloo, ON",95089.0,120404.0,2023-10-25,2023-11-22
Lead AEM Software Engineer,Sun Life,"Waterloo, ON",82000.0,135000.0,2023-10-25,2023-11-08
Lead Financial Analyst,opentext,"Waterloo, ON",74256.0,94024.0,2023-10-25,2023-11-22
Lead Financial Analyst,Open Text Corporation,"Waterloo, ON",74256.0,94024.0,2023-10-25,2023-11-22
Technical Support Specialist,opentext,"Waterloo, ON",52041.0,65896.0,2023-10-25,2023-11-22
Solutions Developer,Challenger Motor Freight Inc,"Cambridge, ON",69588.0,88114.0,2023-10-25,2023-10-25
"VP, Corporate Technology",Open Text Corporation,"Waterloo, ON",81059.0,102639.0,2023-10-25,2023-10-25
Lead Security Compliance Analyst - Compliance Strategy,Open Text Corporation,"Waterloo, ON",79794.0,101037.0,2023-10-25,2023-11-22
Senior Control Software Engineer,Canadian Solar,"Guelph, ON",111394.0,141050.0,2023-10-25,2023-11-22
Sr. Technical Support Specialist,opentext,"Waterloo, ON",60453.0,76547.0,2023-10-25,2023-11-08
Lead Accountant (Contractor),opentext,"Waterloo, ON",72508.0,91811.0,2023-10-25,2023-11-22
Benefits Program Manager,Open Text Corporation,"Waterloo, ON",89735.0,113625.0,2023-10-25,2023-10-25
Lead Accountant (Contractor),Open Text Corporation,"Waterloo, ON",72508.0,91811.0,2023-10-25,2023-11-22
Client Manager - Professional Services Sales 1 1,opentext,"Waterloo, ON",80717.0,102206.0,2023-10-25,2023-11-01
Cloud Engineer (AWS),Sun Life,"Waterloo, ON",61000.0,101000.0,2023-10-25,2023-10-25
Sr. Technical Support Specialist,Open Text Corporation,"Waterloo, ON",60453.0,76547.0,2023-10-25,2023-11-08
Sr. Program Manager (Contracts),opentext,"Waterloo, ON",69487.0,87986.0,2023-10-25,2023-11-22
Client Manager - Professional Services Sales 1 1,Open Text Corporation,"Waterloo, ON",80717.0,102206.0,2023-10-25,2023-11-01
Benefits Program Manager,opentext,"Waterloo, ON",89735.0,113625.0,2023-10-25,2023-10-25
Sr. Program Manager (Contracts),Open Text Corporation,"Waterloo, ON",69487.0,87986.0,2023-10-25,2023-11-22
Senior Software Researcher,opentext,"Waterloo, ON",82528.0,104499.0,2023-10-25,2023-11-22
Cloud Systems Administrator,Open Text Corporation,"Waterloo, ON",76714.0,97137.0,2023-10-25,2023-11-01
Business Analyst,Open Text Corporation,"Waterloo, ON",73381.0,92917.0,2023-10-25,2023-11-08
.NET Software Developer,ISB Global Services,"Guelph, ON",96837.0,122617.0,2023-10-25,2023-11-22
Full Stack Engineer,ENERZA,"Waterloo, ON",81053.0,102632.0,2023-10-25,2023-11-22
"Staff Software Engineer, AppDev",Siemens,"Kitchener, ON",107458.0,136065.0,2023-10-25,2023-10-25
Java Developer (Backend),Prospect,"Kitchener, ON",105798.0,133965.0,2023-10-25,2023-11-22
Technical Support Specialist,Open Text Corporation,"Waterloo, ON",52041.0,65896.0,2023-10-25,2023-11-22
software developer,onsemi,"Waterloo, ON",,,2023-10-25,2023-11-22
Back-end Software Engineer,Manulife,"Waterloo, ON",101964.0,129109.0,2023-10-25,2023-10-25
Software Developer,Ricoh Canada,"Kitchener, ON",84461.0,106946.0,2023-10-25,2023-11-22
software engineer,NAVBLUE INC,"Waterloo, ON",70000.0,110000.0,2023-10-25,2023-11-22
"Application Support Engineer, Cloud",Sun Life,"Waterloo, ON",82000.0,135000.0,2023-10-25,2023-11-08
Innovation Architect,Open Text Corporation,"Waterloo, ON",71719.0,90812.0,2023-10-25,2023-11-22
Business Analyst,opentext,"Waterloo, ON",73381.0,92917.0,2023-10-25,2023-11-08
Principal Firmware Developer,onsemi,"Waterloo, ON",68902.0,87245.0,2023-10-25,2023-10-25
DevOps Engineer,Palitronica Inc.,"Waterloo, ON",97397.0,123327.0,2023-10-25,2023-11-22
Automation Engineer,Nfinite Nanotech,"Waterloo, ON",75456.0,95544.0,2023-10-25,2023-11-22
Innovation Architect,opentext,"Waterloo, ON",71719.0,90812.0,2023-10-25,2023-11-22
Production Support Specialist,opentext,"Waterloo, ON",53157.0,67309.0,2023-10-25,2023-11-22
Senior Software Developer - Full Stack,Camis,"Guelph, ON",85263.0,107962.0,2023-10-25,2023-11-01
Production Support Specialist,Open Text Corporation,"Waterloo, ON",53157.0,67309.0,2023-10-25,2023-11-22
Senior Dotnet Developer,Ag Energy Co-operative Ltd.,"Guelph, ON",102924.0,130324.0,2023-10-25,2023-11-22
Controls Programmer (Lead),Prime Automation Inc,"Waterloo, ON",,,2023-10-25,2023-11-22
WordPress Developer,RKD Web Studios,"Guelph, ON",64142.0,81218.0,2023-10-25,2023-11-08
"VP, Enterprise Architecture",Open Text Corporation,"Waterloo, ON",81059.0,102639.0,2023-11-01,2023-11-22
Head of Software Development,GHD,"Waterloo, ON",133598.0,169165.0,2023-11-01,2023-11-22
Sr. Product Manager,Open Text Corporation,"Waterloo, ON",110674.0,140139.0,2023-11-01,2023-11-22
"Senior Technology Specialist, Digital Developer",Equitable,"Waterloo, ON",88457.0,112007.0,2023-11-01,2023-11-22
Sr. Product Manager,opentext,"Waterloo, ON",110674.0,140139.0,2023-11-01,2023-11-22
Sr. Production Support Specialist,opentext,"Waterloo, ON",67062.0,84916.0,2023-11-01,2023-11-22
Senior Software Engineer - Archer (Contract),Sun Life,"Waterloo, ON",82000.0,135000.0,2023-11-01,2023-11-22
Jr. Full Stack Development Training & Paid Internship,Prepr,"Guelph, ON",,,2023-11-01,2023-11-01
Cloud Engineer - AWS,Procom,Various locations,,,2023-11-01,2023-11-01
Senior Controls Software Developer,OTTO Motors by Rockwell Automation,"Kitchener, ON",87859.0,111249.0,2023-11-01,2023-11-22
SQL Database Administrator(Intermediate Experienced),Open Text Corporation,"Waterloo, ON",93137.0,117932.0,2023-11-01,2023-11-22
"Director, Product Marketing",opentext,"Waterloo, ON",104966.0,132911.0,2023-11-01,2023-11-08
SQL Database Administrator(Intermediate Experienced),opentext,"Waterloo, ON",93137.0,117932.0,2023-11-01,2023-11-22
Lead Security Compliance Analyst - Compliance Strategy,opentext,"Waterloo, ON",79794.0,101037.0,2023-11-01,2023-11-22
"Sr. Manager, Corporate Accounting",opentext,"Waterloo, ON",81315.0,102963.0,2023-11-01,2023-11-01
Benefits Manager,opentext,"Waterloo, ON",84236.0,106661.0,2023-11-01,2023-11-15
"Director, Product Marketing",Open Text Corporation,"Waterloo, ON",104966.0,132911.0,2023-11-01,2023-11-08
"Sr. Manager, Corporate Accounting",Open Text Corporation,"Waterloo, ON",81315.0,102963.0,2023-11-01,2023-11-08
"VP, Enterprise Architecture",opentext,"Waterloo, ON",81059.0,102639.0,2023-11-01,2023-11-22
Benefits Manager,Open Text Corporation,"Waterloo, ON",84236.0,106661.0,2023-11-01,2023-11-15
"Intermediate Technology Specialist, Digital Developer",Equitable,"Waterloo, ON",86531.0,109567.0,2023-11-01,2023-11-22
Full-Stack Developer (Python),Descartes,"Waterloo, ON",89003.0,112698.0,2023-11-01,2023-11-01
Software Development Engineer in Test,Sun Life,"Waterloo, ON",61000.0,101000.0,2023-11-01,2023-11-22
Lead Software Developer,Open Text Corporation,"Waterloo, ON",99852.0,126435.0,2023-11-01,2023-11-22
Senior Integration Developer,Carta,"Waterloo, ON",91155.0,115422.0,2023-11-01,2023-11-22
software developer,What Jobs,"Kitchener, ON",,,2023-11-01,2023-11-22
software developer,What Jobs,"Waterloo, ON",,,2023-11-01,2023-11-22
senior software developer,CloudAid Inc,"Toronto, ON",72800.0,72800.0,2023-11-01,2023-11-22
software developer,HP Inc.,"Kitchener, ON",,,2023-11-01,2023-11-01
software developer,ALLUDO,"Waterloo, ON",,,2023-11-01,2023-11-01
software developer,Clearpath Robotics,"Kitchener, ON",,,2023-11-01,2023-11-22
Full Stack Software Engineer,Manulife,"Waterloo, ON",89849.0,113769.0,2023-11-01,2023-11-01
Cloud Software Developer,HP,"Kitchener, ON",99722.0,126270.0,2023-11-01,2023-11-08
"Software Developer III, Google Workspace",Google,"Waterloo, ON",,,2023-11-01,2023-11-08
Software Developer - AI Trainer (Contract),DataAnnotation,"Waterloo, ON",85280.0,85280.0,2023-11-01,2023-11-01
BI Report Developer-Decision Support,St. Mary’s General Hospital,"Kitchener, ON",76960.0,,2023-11-01,2023-11-01
AI Software Development Engineer,"Musashi AI North America, Inc.","Waterloo, ON",84264.0,106697.0,2023-11-01,2023-11-08
Software Quality Engineer,Sun Life,"Waterloo, ON",61000.0,101000.0,2023-11-01,2023-11-08
"Intermediate Image Specialist, Product Developer",Christie Digital Systems Inc.,"Kitchener, ON",66061.0,83648.0,2023-11-01,2023-11-22
"Intermediate Image Specialist, Product Developer",Christie Digital,"Kitchener, ON",66503.0,84208.0,2023-11-01,2023-11-22
Lead Software Developer,opentext,"Waterloo, ON",99852.0,126435.0,2023-11-01,2023-11-22
Senior Cloud Ops Engineer,Magnet Forensics,"Waterloo, ON",106188.0,134458.0,2023-11-01,2023-11-08
Frontend Software Developer - Intermediate,Moneris Solutions,Various locations,72504.0,91807.0,2023-11-01,2023-11-01
Sr. Production Support Specialist,Open Text Corporation,"Waterloo, ON",67062.0,84916.0,2023-11-01,2023-11-22
"Developer, Application Solutions",CAA North & East Ontario,Various locations,,,2023-11-01,2023-11-22
WordPress Developer,RKD,"Guelph, ON",70359.0,89090.0,2023-11-01,2023-11-22
Backend / Django Developer,Coulter Software Inc.,Various locations,55000.0,80000.0,2023-11-01,2023-11-01
"Lead Technology Specialist, Digital Developer",Equitable,"Waterloo, ON",100782.0,127613.0,2023-11-01,2023-11-22
Key Account Business Development Leader (Global After Sales & Service),ATS Automation Tooling Systems,"Cambridge, ON",46035.0,58291.0,2023-11-08,2023-11-22
CNC Machinist/Programmer,Guelph Manufacturing Group Inc.,"Guelph, ON",55034.0,69685.0,2023-11-08,2023-11-22
Client Manager,Open Text Corporation,"Waterloo, ON",83619.0,105881.0,2023-11-08,2023-11-22
Collections Specialist,Open Text Corporation,"Waterloo, ON",52321.0,66251.0,2023-11-08,2023-11-22
Jr. Full Stack Development Training & Paid Internship (SFS),Prepr,"Guelph, ON",,,2023-11-08,2023-11-08
Apache Camel Developer,Procom,Various locations,,,2023-11-08,2023-11-08
Sr. Revenue Operations Analyst,opentext,"Waterloo, ON",60804.0,76992.0,2023-11-08,2023-11-15
Senior Simulation Developer,Clearpath Robotics Inc.,"Kitchener, ON",123000.0,150000.0,2023-11-08,2023-11-22
Sr. Financial Analyst,Open Text Corporation,"Waterloo, ON",64989.0,82291.0,2023-11-08,2023-11-22
Sr. Order Administration Specialist,Open Text Corporation,"Waterloo, ON",50742.0,64250.0,2023-11-08,2023-11-08
Workplace Security Manager,Open Text Corporation,"Waterloo, ON",93317.0,118161.0,2023-11-08,2023-11-22
Senior Java Engineer - 8+ years,Venuiti,"Kitchener, ON",97730.0,123748.0,2023-11-08,2023-11-15
Client Manager,opentext,"Waterloo, ON",83619.0,105881.0,2023-11-08,2023-11-22
Workplace Security Manager,opentext,"Waterloo, ON",93317.0,118161.0,2023-11-08,2023-11-22
"Sr. Manager, Renewals",Open Text Corporation,"Waterloo, ON",79929.0,101208.0,2023-11-08,2023-11-22
309A Lead Electrician/Controls Technician/Programmer,DCA Controls,Various locations,62400.0,,2023-11-08,2023-11-08
Digital Marketing Manager-Vendor Programs,opentext,"Waterloo, ON",83776.0,106079.0,2023-11-08,2023-11-22
Digital Marketing Manager-ABM,Open Text Corporation,"Waterloo, ON",77817.0,98534.0,2023-11-08,2023-11-22
Digital Marketing Manager-ABM,opentext,"Waterloo, ON",77817.0,98534.0,2023-11-08,2023-11-22
"Sr. Manager, Renewals",opentext,"Waterloo, ON",79929.0,101208.0,2023-11-08,2023-11-22
Sr. Financial Analyst,opentext,"Waterloo, ON",64989.0,82291.0,2023-11-08,2023-11-22
"Vice President, Global Real Estate and Facilities",opentext,"Waterloo, ON",97770.0,123798.0,2023-11-08,2023-11-22
Collections Specialist,opentext,"Waterloo, ON",52321.0,66251.0,2023-11-08,2023-11-22
SRE Cloud Network Engineer,NCR,"Waterloo, ON",100645.0,127439.0,2023-11-08,2023-11-08
Digital Marketing Manager-Vendor Programs,Open Text Corporation,"Waterloo, ON",83776.0,106079.0,2023-11-08,2023-11-22
Sr. Order Administration Specialist,opentext,"Waterloo, ON",50742.0,64250.0,2023-11-08,2023-11-08
Software Engineer,NCR,"Waterloo, ON",108578.0,137484.0,2023-11-08,2023-11-22
Software Engineer (Hybrid remote friendly),Imagine Communications,"Waterloo, ON",60766.0,76943.0,2023-11-08,2023-11-08
Firmware Developer- New Graduate,Siemens,"Kitchener, ON",81879.0,103677.0,2023-11-08,2023-11-22
"Senior Software Developer, Google Cloud Compute",Google,"Waterloo, ON",,,2023-11-08,2023-11-22
Senior Software Developer,Encircle,"Kitchener, ON",103935.0,131605.0,2023-11-08,2023-11-22
Front End Developer (Hybrid remote friendly),Imagine Communications,"Waterloo, ON",56671.0,71758.0,2023-11-08,2023-11-22
CNC Programmer/Operator,Jefferson Elora Corporation,"Elora, ON",64480.0,,2023-11-08,2023-11-22
(Junior) C++ Software Developer,MAXON Computer,"Waterloo, ON",53723.0,68026.0,2023-11-08,2023-11-08
Java Developer - LMIA,Venuiti,"Kitchener, ON",90000.0,90000.0,2023-11-08,2023-11-15
Full-Stack Developer,Descartes,"Waterloo, ON",95725.0,121209.0,2023-11-08,2023-11-22
Senior Software Developer,onsemi,"Waterloo, ON",92591.0,117241.0,2023-11-08,2023-11-22
software developer,Oracle,"Kitchener, ON",,,2023-11-08,2023-11-08
cloud developer,CMS Montera,"Cambridge, ON",70000.0,90000.0,2023-11-08,2023-11-22
"Senior Software Developer, Machine Learning, Google Workspace",Google,"Waterloo, ON",,,2023-11-08,2023-11-22
Wire EDM Programmer Setup Operator,ODC Tooling and Molds,"Waterloo, ON",49780.0,63033.0,2023-11-08,2023-11-08
Full-Stack Software Engineer,Manulife,"Waterloo, ON",102995.0,130415.0,2023-11-08,2023-11-22
C/C++ Software Engineer,BicDroid Inc,"Waterloo, ON",96572.0,122281.0,2023-11-08,2023-11-22
Software Developer Co-op (Winter 2024),Ricoh Canada,"Kitchener, ON",62820.0,79544.0,2023-11-08,2023-11-22
"Staff Software Developer, Google Cloud Platforms",Google,"Waterloo, ON",,,2023-11-08,2023-11-15
"Vice President, Global Real Estate and Facilities",Open Text Corporation,"Waterloo, ON",97770.0,123798.0,2023-11-08,2023-11-22
Software Engineer,Magnet Forensics,"Waterloo, ON",105959.0,134168.0,2023-11-08,2023-11-15
Sr. Revenue Operations Analyst,Open Text Corporation,"Waterloo, ON",60804.0,76992.0,2023-11-08,2023-11-15
Lead Pega Software Engineer,Sun Life,"Kitchener, ON",82000.0,135000.0,2023-11-08,2023-11-08
Senior Full Stack Software Engineer,Manulife,Various locations,105010.0,132966.0,2023-11-08,2023-11-08
Senior Fullstack Software Developer,Geotab,"Waterloo, ON",89881.0,113809.0,2023-11-08,2023-11-22
Life Skills - Content Developer (2 POSITIONS),Anishnabeg Outreach Training and Employment Inc,"Kitchener, ON",60462.0,76558.0,2023-11-08,2023-11-08
Sr. Software Engineer,Dream Catcher Group Limited,"Kitchener, ON",90000.0,100000.0,2023-11-08,2023-11-22
Senior Industrial Simulation Developer,Clearpath Robotics Inc.,"Kitchener, ON",69179.0,152189.0,2023-11-08,2023-11-22
Junior Programmer - Temporary Full-Time (Recreation),St. Joseph's Health Centre Guelph,"Guelph, ON",45637.0,57787.0,2023-11-15,2023-11-22
BHJOB15656_31081 - Junior Software Developer,Myticas Consulting,Various locations,58526.0,74107.0,2023-11-15,2023-11-22
Program Manager,Open Text Corporation,"Waterloo, ON",62699.0,79391.0,2023-11-15,2023-11-22
Program Manager,opentext,"Waterloo, ON",62699.0,79391.0,2023-11-15,2023-11-22
Order Administration Specialist,Open Text Corporation,"Waterloo, ON",58726.0,74360.0,2023-11-15,2023-11-22
SRE Cloud Network Architect,NCR,"Waterloo, ON",90045.0,114017.0,2023-11-15,2023-11-22
Software Engineering Program Manager,University of Waterloo,"Waterloo, ON",86281.0,109251.0,2023-11-15,2023-11-22
Collection Development Reporting and Assessment Analyst,University of Waterloo,"Waterloo, ON",78457.0,99344.0,2023-11-15,2023-11-22
Sr. Financial Reporting Analyst,Open Text Corporation,"Waterloo, ON",65791.0,83306.0,2023-11-15,2023-11-22
Sr. RPA Business Analyst,opentext,"Waterloo, ON",74081.0,93804.0,2023-11-15,2023-11-22
Junior Programmer - Temporary Full-Time (Recreation),St. Joseph’s,"Guelph, ON",45637.0,57787.0,2023-11-15,2023-11-22
Sr. Financial Reporting Analyst,opentext,"Waterloo, ON",65791.0,83306.0,2023-11-15,2023-11-22
Senior FPGA Developer,Christie Digital,"Kitchener, ON",92342.0,116926.0,2023-11-15,2023-11-22
Web Analytics Manager,opentext,"Waterloo, ON",64507.0,81680.0,2023-11-15,2023-11-22
Sr. Revenue Operations Analyst - Salesforce.com,opentext,"Waterloo, ON",50202.0,63567.0,2023-11-15,2023-11-22
Junior Programmer - Full Time (Recreation),St. Joseph’s,"Guelph, ON",45637.0,57787.0,2023-11-15,2023-11-22
Sr. Environmental Facilities Program Manager,opentext,"Waterloo, ON",111585.0,141292.0,2023-11-15,2023-11-22
"Senior Cloud Security Engineer- Remote, Ontario",Smile Digital Health,"Kitchener, ON",129190.0,163583.0,2023-11-15,2023-11-22
Junior Programmer - Full Time (Recreation),St. Joseph's Health Centre Guelph,"Guelph, ON",45637.0,57787.0,2023-11-15,2023-11-22
Lead DevOps Engineer,Sun Life,"Waterloo, ON",82000.0,135000.0,2023-11-15,2023-11-22
Order Administration Specialist,opentext,"Waterloo, ON",58726.0,74360.0,2023-11-15,2023-11-22
Lead Pega Software Engineer,Sun Life,"Waterloo, ON",82000.0,135000.0,2023-11-15,2023-11-15
Sr. Revenue Operations Analyst - Salesforce.com,Open Text Corporation,"Waterloo, ON",50202.0,63567.0,2023-11-15,2023-11-22
Sr. Environmental Facilities Program Manager,Open Text Corporation,"Waterloo, ON",111585.0,141292.0,2023-11-15,2023-11-22
Software Engineer - Remote (Canada),TeamViewer,"Kitchener, ON",93341.0,118190.0,2023-11-15,2023-11-22
"Software Developer III, Google Cloud Platforms",Google,"Waterloo, ON",,,2023-11-15,2023-11-15
Software Developer in Test and Automation (Intermediate/Senior),RideCo,"Waterloo, ON",90000.0,110000.0,2023-11-15,2023-11-22
Back-End Software Engineer,Manulife,"Waterloo, ON",109759.0,138979.0,2023-11-15,2023-11-22
"Software Engineer - Remote (Waterloo, ON)",TeamViewer,"Waterloo, ON",91469.0,115821.0,2023-11-15,2023-11-22
Senior Full-Stack Software Engineer,Manulife,"Waterloo, ON",102123.0,129310.0,2023-11-15,2023-11-22
M365 SharePoint Developer,University of Waterloo,"Waterloo, ON",69636.0,88175.0,2023-11-15,2023-11-22
Manufacturing Software Developer – Test Station,Ford Motor Company,"Waterloo, ON",82246.0,104141.0,2023-11-15,2023-11-22
Solution Developer,Zortech Solutions,"Kitchener, ON",50677.0,64169.0,2023-11-15,2023-11-22
Senior FPGA Developer,Christie Digital Systems Inc.,"Kitchener, ON",97352.0,123270.0,2023-11-15,2023-11-22
software developer,Global Operation Integrity Inc.,"Waterloo, ON",45000.0,65000.0,2023-11-15,2023-11-22
software developer,N. Harris Computer Corporation - USA,"Cambridge, ON",,,2023-11-15,2023-11-22
software developer,University of Waterloo,"Waterloo, ON",,,2023-11-15,2023-11-22
Software Developer,Navitas Vehicle Systems,"Waterloo, ON",61435.0,77790.0,2023-11-15,2023-11-22
"Lead Technology Specialist, BI Developer",Equitable,"Waterloo, ON",104858.0,132774.0,2023-11-15,2023-11-22
Web Analytics Manager,Open Text Corporation,"Waterloo, ON",64507.0,81680.0,2023-11-15,2023-11-22
Flutter UI Developer,Snappy Innovation Inc.,Various locations,80000.0,120000.0,2023-11-15,2023-11-15
Sr. RPA Business Analyst,Open Text Corporation,"Waterloo, ON",74081.0,93804.0,2023-11-15,2023-11-22
Senior Staff Backend Engineer,Recruiting From Scratch,"Waterloo, ON",190000.0,250000.0,2023-11-15,2023-11-22
Full Stack Developer,Procom,Various locations,,,2023-11-15,2023-11-15
Information Technology Specialist - Research Software Support,University of Waterloo,"Waterloo, ON",68015.0,86123.0,2023-11-15,2023-11-22
DevOps Developer,Bevertec CST Inc,Various locations,100000.0,100000.0,2023-11-15,2023-11-15
Senior .NET Developer,Venuiti,"Waterloo, ON",79655.0,100861.0,2023-11-15,2023-11-22
Senior Software Engineer (API/.NET),Sun Life,"Waterloo, ON",82000.0,135000.0,2023-11-15,2023-11-22
"Community Health Representative-Relocate to Port Hardy, B.C",Gwa'sala-'Nakwaxd'xw Nations,Various locations,49920.0,,2023-11-22,2023-11-22
Lead Security Analyst,Open Text Corporation,"Waterloo, ON",93444.0,118321.0,2023-11-22,2023-11-22
Staff DevOps Developer,Mappedin,"Waterloo, ON",73268.0,92774.0,2023-11-22,2023-11-22
"Director, Organizational Effectiveness",opentext,"Waterloo, ON",113773.0,144063.0,2023-11-22,2023-11-22
"Manager, Software Engineering",opentext,"Waterloo, ON",104308.0,132077.0,2023-11-22,2023-11-22
Senior Drupal Developer,Surex,Various locations,72311.0,91562.0,2023-11-22,2023-11-22
Senior Engineering Manager,Carta,"Waterloo, ON",96240.0,121862.0,2023-11-22,2023-11-22
"Senior Software Engineer, Computer Vision ( Hybrid)",Siemens,"Kitchener, ON",100697.0,127506.0,2023-11-22,2023-11-22
"Manager, Software Engineering",Open Text Corporation,"Waterloo, ON",104308.0,132077.0,2023-11-22,2023-11-22
First Nations / Inuit / Métis - HR Digital Solution Developer,BMO Financial Group,Various locations,74245.0,94011.0,2023-11-22,2023-11-22
"Director, Organizational Effectiveness",Open Text Corporation,"Waterloo, ON",113773.0,144063.0,2023-11-22,2023-11-22
Lead Security Analyst,opentext,"Waterloo, ON",93444.0,118321.0,2023-11-22,2023-11-22
"Senior Information Security Engineer,Cloud - Remote, ON",Smile Digital Health,"Kitchener, ON",122515.0,155132.0,2023-11-22,2023-11-22
"Manager, Corporate Accounting",Open Text Corporation,"Waterloo, ON",79552.0,100731.0,2023-11-22,2023-11-22
"Manager, Corporate Accounting",opentext,"Waterloo, ON",79552.0,100731.0,2023-11-22,2023-11-22
Employee Relations Manager,opentext,"Waterloo, ON",76633.0,97034.0,2023-11-22,2023-11-22
Sr. Revenue Operations Analyst 1,opentext,"Waterloo, ON",62406.0,79020.0,2023-11-22,2023-11-22
Employee Relations Manager,Open Text Corporation,"Waterloo, ON",76633.0,97034.0,2023-11-22,2023-11-22
Sr. Revenue Operations Analyst 1,Open Text Corporation,"Waterloo, ON",62406.0,79020.0,2023-11-22,2023-11-22
software developer,Sun Life Financial,"Waterloo, ON",,,2023-11-22,2023-11-22
software developer,RideCo,"Waterloo, ON",,,2023-11-22,2023-11-22
Web Developer (AEM Architect),BlackBerry,"Waterloo, ON",83601.0,105858.0,2023-11-22,2023-11-22
Software Developer I,ATS Automation Tooling Systems,"Cambridge, ON",88372.0,111899.0,2023-11-22,2023-11-22
Senior Software Engineer/Team Lead,Descartes,"Waterloo, ON",156268.0,197870.0,2023-11-22,2023-11-22
Sr. Android Developer,Open Text Corporation,"Waterloo, ON",96002.0,121560.0,2023-11-22,2023-11-22
Data Scientist and Search API Developer,opentext,"Waterloo, ON",76935.0,97417.0,2023-11-22,2023-11-22
Sr. Android Developer,opentext,"Waterloo, ON",96002.0,121560.0,2023-11-22,2023-11-22
Software Developer,Open Text Corporation,"Waterloo, ON",72216.0,91442.0,2023-11-22,2023-11-22
"Senior Technology Specialist, Enterprise Platforms Developer",Equitable,"Waterloo, ON",87385.0,110648.0,2023-11-22,2023-11-22
Software Developer,opentext,"Waterloo, ON",72216.0,91442.0,2023-11-22,2023-11-22
Test Engineer,KA Imaging Inc,"Waterloo, ON",75195.0,95214.0,2023-11-22,2023-11-22
Senior Java Developer,Venuiti,"Kitchener, ON",86589.0,109641.0,2023-11-22,2023-11-22
Data Scientist and Search API Developer,Open Text Corporation,"Waterloo, ON",76935.0,97417.0,2023-11-22,2023-11-22
Lead Software Engineer (PowerCenter/AWS/Mainframe),Sun Life,"Waterloo, ON",82000.0,135000.0,2023-11-22,2023-11-22
