Job Title,Company,Location,Estimated Salary
software developer Verified,Global Operation Integrity Inc.,Location Waterloo (ON),"Salary: $45,000.00 to $65,000.00 annually (to be negotiated)"
software developer Verified,MUNDAIR CONSULTING LTD.,Location Guelph (ON),Salary: $43.25 hourly
software developer,N. Harris Computer Corporation - USA,Location Cambridge (ON),Salary not available
software developer,Ford Motor Company,Location Waterloo (ON),Salary not available
software developer,onsemi,Location Waterloo (ON),Salary not available
software developer,What Jobs,Location Waterloo (ON),Salary not available
software developer,What Jobs,Location Waterloo (ON),Salary not available
software developer,University of Waterloo,Location Waterloo (ON),Salary not available
software developer,What Jobs,Location Waterloo (ON),Salary not available
software developer,What Jobs,Location Kitchener (ON),Salary not available
software developer Verified,Aceit Digital Inc.,"Location Calgary, AB",Salary: $39.00 hourly
software developer,What Jobs,Location Waterloo (ON),Salary not available
senior software developer Verified,CloudAid Inc,"Location Toronto, ON",Salary: $35.00 hourly
software developer,onsemi,Location Waterloo (ON),Salary not available
software developer,What Jobs,Location Kitchener (ON),Salary not available
software developer Verified,GLOBAL DEVELOPMENT WORKS LTD.,Location Kitchener (ON),Salary: $43.50 hourly
software developer Verified,Mako Financial Technologies Inc.,"Location Camrose, AB","Salary: $87,320.00 annually"
software developer,RideCo,Location Waterloo (ON),Salary not available
software developer,Clearpath Robotics,Location Kitchener (ON),Salary not available
cloud developer,CMS Montera,Location Cambridge (ON),"Salary: $70,000.00 to $90,000.00 annually"
software developer,Sun Life Financial,Location Waterloo (ON),Salary not available
software developer,What Jobs,Location Waterloo (ON),Salary not available
software developer,What Jobs,Location Waterloo (ON),Salary not available
software developer,What Jobs,Location Waterloo (ON),Salary not available
software developer,What Jobs,Location Waterloo (ON),Salary not available
software developer Verified,Global Operation Integrity Inc.,Location Waterloo (ON),"Salary: $45,000.00 to $65,000.00 annually (to be negotiated)"
software developer Verified,MUNDAIR CONSULTING LTD.,Location Guelph (ON),Salary: $43.25 hourly
software developer,N. Harris Computer Corporation - USA,Location Cambridge (ON),Salary not available
software developer,Ford Motor Company,Location Waterloo (ON),Salary not available
software developer,onsemi,Location Waterloo (ON),Salary not available
software developer,What Jobs,Location Waterloo (ON),Salary not available
software developer,What Jobs,Location Waterloo (ON),Salary not available
software developer,University of Waterloo,Location Waterloo (ON),Salary not available
software developer,What Jobs,Location Waterloo (ON),Salary not available
software developer,What Jobs,Location Kitchener (ON),Salary not available
software developer Verified,Aceit Digital Inc.,"Location Calgary, AB",Salary: $39.00 hourly
software developer,What Jobs,Location Waterloo (ON),Salary not available
senior software developer Verified,CloudAid Inc,"Location Toronto, ON",Salary: $35.00 hourly
software developer,onsemi,Location Waterloo (ON),Salary not available
software developer,What Jobs,Location Kitchener (ON),Salary not available
software developer Verified,GLOBAL DEVELOPMENT WORKS LTD.,Location Kitchener (ON),Salary: $43.50 hourly
software developer Verified,Mako Financial Technologies Inc.,"Location Camrose, AB","Salary: $87,320.00 annually"
software developer,RideCo,Location Waterloo (ON),Salary not available
software developer,Clearpath Robotics,Location Kitchener (ON),Salary not available
cloud developer,CMS Montera,Location Cambridge (ON),"Salary: $70,000.00 to $90,000.00 annually"
software developer,Sun Life Financial,Location Waterloo (ON),Salary not available
software developer,What Jobs,Location Waterloo (ON),Salary not available
software developer,What Jobs,Location Waterloo (ON),Salary not available
software developer,What Jobs,Location Waterloo (ON),Salary not available
software developer,What Jobs,Location Waterloo (ON),Salary not available
software developer,What Jobs,Location Waterloo (ON),Salary not available
cloud developer,CMS Montera,Location Cambridge (ON),"Salary: $70,000.00 to $90,000.00 annually"
